タイトル,著者,値段(円)
きたきた捕物帖,宮部みゆき,"1,760"
流浪の月,凪良 ゆう,"1,650"
カケラ,湊 かなえ,"1,650"
逆ソクラテス,伊坂 幸太郎,"1,540"
路,吉田 修一,792
クスノキの番人,東野圭吾,"1,980"
大河の一滴,五木 寛之,"1,572"
ｍｅｄｉｕｍ 霊媒探偵城塚翡翠,相沢沙呼,"1,870"
わたしの美しい庭,凪良ゆう,"1,650"
流人道中記 下,浅田次郎,"1,870"
流人道中記 上,浅田次郎,"1,870"
任俠シネマ,今野敏,"1,650"
マックス・ヴェーバー 主体的人間の悲喜劇,今野元,946
暴虎の牙,柚月裕子,"1,980"
糸,林 民夫,638
ライオンのおやつ,小川糸,"1,650"
熱源,川越 宗一,"2,035"
縄紋,真梨幸子,"1,760"
奈落で踊れ,月村了衛,"2,090"
月の客,山下澄人,"1,870"
カインの傲慢,中山七里,"1,760"
じんかん,今村翔吾,"2,090"
星に仄めかされて,多和田葉子,"1,980"
業平 小説伊勢物語,髙樹のぶ子,"2,420"
タイタン,野崎まど,"1,980"
タイトル,著者,値段(円)
〈あの絵〉のまえで Ａ Ｐｉｅｃｅ ｏｆ Ｙｏｕｒ Ｌｉｆｅ,原田マハ,"1,540"
むかしむかしあるところに、死体がありました。,青柳碧人,"1,430"
黙,辻堂魁,"1,870"
ディア・ペイシェント 絆のカルテ,南杏子,660
Ｃｏｃｏｏｎ ４ 宿縁の大樹,夏原エヰジ,"1,540"
イエロー・サブマリン,小路幸也,"1,650"
発注いただきました！,朝井 リョウ,"1,760"
春、死なん,紗倉まな,"1,540"
護られなかった者たちへ,中山七里,"1,760"
かがみの孤城,辻村深月,"1,980"
いのちの停車場,南杏子,"1,760"
ハンナのいない１０月は,相川英輔,"1,760"
ヒソップ亭 湯けむり食事処,秋川滝美,"1,650"
あの日の交換日記,辻堂 ゆめ,"1,760"
透明な夜の香り,千早 茜,"1,650"
店長がバカすぎて,早見和真,"1,650"
生かさず、殺さず,久坂部羊,"1,870"
家族じまい,桜木紫乃,"1,760"
語らいサンドイッチ,谷瑞恵,"1,650"
濱地健三郎の幽たる事件簿,有栖川有栖,"1,870"
江戸の夢びらき,松井今朝子,"2,090"
焦眉,今野敏,"1,760"
北条氏康 １ 二世継承篇,富樫倫太郎,"1,760"
イマジン？,有川 ひろ,"1,760"
タイトル,著者,値段(円)
知の旅は終わらない 僕が３万冊を読み１００冊を書いて考えてきたこと,立花隆,"1,045"
魔眼の匣の殺人,今村昌弘,"1,870"
不良,北野武,"1,650"
黒き侍、ヤスケ 信長に忠義を尽くした元南蛮奴隷の数奇な半生,浅倉 徹,"2,090"
妖の掟,誉田哲也,"1,870"
５２ヘルツのクジラたち,町田そのこ,"1,760"
逃亡者,中村文則,"1,870"
魔女たちは眠りを守る,村山早紀,"1,760"
よこどり 小説メガバンク人事抗争,小野展克,"1,760"
罪人の選択,貴志祐介,"1,760"
チンギス紀 ７ 虎落,北方謙三,"1,760"
大親分！ アウトレイジな懲りない面々,北野武,858
去年の雪,江國香織,"1,760"
ムゲンのｉ 上,知念実希人,"1,540"
ノーサイド・ゲーム,池井戸 潤,"1,760"
麦本三歩の好きなもの,住野よる,"1,540"
賢者の弟子を名乗る賢者 13,りゅうせんひろつぐ,"1,100"
食っちゃ寝て書いて,小野寺史宜,"1,870"
新任警視,古野まほろ,"2,860"
持続可能な魂の利用,松田 青子,"1,650"
流星シネマ,吉田篤弘,"1,760"
少年と犬,馳星周,"1,760"
告解,薬丸岳,"1,815"
心にいつも猫をかかえて,村山 早紀,"1,760"
「あの人」のこと,久世光彦,"1,870"
タイトル,著者,値段(円)
ＭＩＳＳＩＮＧ 失われているもの,村上龍,"1,650"
掟上今日子の設計図,西尾維新,"1,430"
十字架のカルテ ＴＨＥ ＰＳＹＣＨＩＡＴＲＩＳＴ,知念実希人,"1,540"
綴る女 評伝・宮尾登美子,林真理子,"1,650"
清明,今野敏,"1,760"
誰も見ていない書斎の松本清張,櫻井 秀勲,"1,650"
ムゲンのｉ 下,知念実希人,"1,540"
介錯人,辻堂魁,"1,870"
沈黙のＷｅｂマーケティング Ｗｅｂマーケッターボーンの逆襲 ディレクターズ・エディション,松尾 茂起,"2,420"
あの頃ぼくらはアホでした,東野 圭吾,616
たかが殺人じゃないか 昭和２４年の推理小説,辻真先,"2,420"
銀色の国,逸木裕,"1,870"
天皇論 江藤淳と三島由紀夫,富岡幸一郎,"2,420"
水を縫う,寺地 はるな,"1,760"
四季の創造 日本文化と自然観の系譜,ハルオ・シラネ,"2,200"
殿、それでは戦国武将のお話をいたしましょう 貝原益軒の歴史夜話,山崎光夫,"1,870"
カケラ,湊　かなえ,"1,650"
おおきな森,古川日出男,"4,400"
透明人間は密室に潜む,阿津川辰海,"1,980"
四神の旗,馳星周,"1,870"
山月記,中島 敦,"1,980"
変貌する古事記・日本書紀 いかに読まれ、語られたのか,及川智早,880
燃えよ剣 新装版,司馬遼太郎,"1,540"
木になった亜沙,今村夏子,"1,320"
怖い患者,久坂部 羊,"1,760"
タイトル,著者,値段(円)
アーモンド,ソン ウォンピョン,"1,760"
すべての瞬間が君だった きらきら輝いていた僕たちの時間,ハ テワン,"1,540"
月の光 現代中国ＳＦアンソロジー,ケン・リュウ,"2,420"
小説版韓国・フェミニズム・日本,イ・ラン,"1,980"
三体,劉 慈欣,"2,090"
保健室のアン・ウニョン先生,チョン・セラン,"1,760"
８２年生まれ、キム・ジヨン,チョ ナムジュ,"1,650"
千一夜物語 ガラン版 ６,西尾哲夫,"3,850"
わたしの名は赤 新訳版 上,オルハン・パムク,"1,100"
三体２　黒暗森林 上,劉慈欣,"1,870"
マハーバーラタ、聖性と戦闘と豊穣,沖田 瑞穂,"3,850"
千一夜物語 ガラン版 ５,西尾哲夫,"3,850"
言葉の温度,イ・ギジュ,"1,870"
わたしの名は赤 新訳版 下,オルハン・パムク,"1,100"
菜食主義者,ハン ガン,"2,420"
史記 現代語訳,司馬 遷,902
十八史略,竹内 弘行,"1,837"
三体２　黒暗森林 下,劉慈欣,"1,870"
中央駅,キム・ヘジン,"1,650"
遠足,チョン ソンテ,"1,320"
完訳論語,孔子,"3,080"
南宋の文人と出版文化 王十朋と陸游をめぐって,甲斐 雄一,"3,960"
文選〈文章篇〉,蕭 統,"1,100"
ルバイヤート 中世ペルシアで生まれた四行詩集,オマル・ハイヤーム,"1,980"
中国の思想 第３版 １ 韓非子,松枝 茂夫,"2,456"
タイトル,著者,値段(円)
コロナの時代の僕ら,パオロ・ジョルダーノ,"1,430"
チーズはどこへ消えた？,スペンサー・ジョンソン,922
あの本は読まれているか,ラーラ・プレスコット,"1,980"
ペスト 改版,ダニエル・デフォー,"1,320"
夜と霧 新版,ヴィクトール・Ｅ．フランクル,"1,650"
ザリガニの鳴くところ,ディーリア・オーエンズ,"2,090"
バスティーユの悪魔,エミール・ガボリオ,"2,860"
仕事は楽しいかね？ １,デイル・ドーテン,"1,430"
迷路の外には何がある？ 『チーズはどこへ消えた？』その後の物語,スペンサー・ジョンソン,"1,100"
アンドロメダ病原体−変異− 上,マイクル・クライトン,"1,980"
フライデー・ブラック,ナナ・クワメ・アジェイ＝ブレニヤー,"2,420"
ライフ・アフター・ライフ,ケイト・アトキンソン,"3,960"
サンセット・パーク,ポール・オースター,"2,420"
血まみれ鉄拳ハイスクール,ライアン・ギャティス,"2,200"
アンドロメダ病原体−変異− 下,マイクル・クライトン,"1,980"
空のあらゆる鳥を,チャーリー・ジェーン・アンダーズ,"2,640"
おおきな木,シェル・シルヴァスタイン,"1,320"
頂きはどこにある？,スペンサー・ジョンソン,"1,026"
春にして君を離れ,アガサ・クリスティー,748
メソポタミヤの殺人,アガサ・クリスティー,902
アクロイド殺し,アガサ・クリスティー,902
ＡＢＣ殺人事件,アガサ・クリスティー,880
ＦＢＩ心理分析官 １ 異常殺人者たちの素顔に迫る衝撃の手記,ロバート・Ｋ．レスラー,880
空腹ねずみと満腹ねずみ 上,ティムール・ヴェルメシュ,"2,090"
友だち,シーグリッド・ヌーネス,"2,200"
タイトル,著者,値段(円)
シャーロック・ホームズの冒険,コナン・ドイル,660
掃除婦のための手引き書 ルシア・ベルリン作品集,ルシア・ベルリン,"2,420"
ある一生,ローベルト・ゼーターラー,"1,870"
ラヴクラフト全集３,Ｈ・Ｐ・ラヴクラフト (著),597
ゴルフ場殺人事件,アガサ・クリスティー,924
時計じかけのオレンジ 完全版,アントニイ・バージェス,814
少年少女 改版,アナトール・フランス,440
グレート・ギャツビー,スコット・フィッツジェラルド,"1,100"
カラマーゾフの兄弟 １,ドストエフスキー,796
ナイルに死す,アガサ・クリスティー,"1,078"
時の娘,ジョセフィン・テイ,880
空腹ねずみと満腹ねずみ 下,ティムール・ヴェルメシュ,"2,090"
蜜のように甘く,イーディス・パールマン,"2,200"
ヒルダ・アダムスの事件簿,M・R・ラインハート,"2,420"
オルガ,ベルンハルト・シュリンク,"2,200"
イエスの学校時代,Ｊ・Ｍ・クッツェー,"2,530"
女同士の絆 レズビアン文学の行方,平林美都子,"2,750"
おちび,エドワード・ケアリー,"4,400"
物語北欧神話 下,ニール・ゲイマン,"1,760"
物語北欧神話 上,ニール・ゲイマン,"1,760"
来るべき種族,エドワード・ブルワー=リットン,"2,640"
シャーロック・ホームズ大図鑑,デイヴィッド・スチュアート・デイヴィーズ,"4,620"
ハリネズミの願い,トーン・テレヘン,"1,430"
肩をすくめるアトラス 第２部 二者択一,アイン・ランド,"2,090"
タイトル,著者,値段(円)
星を継ぐもの,ジェイムズ・Ｐ・ホーガン,763
ＳＦ的な宇宙で安全に暮らすっていうこと,チャールズ・ユウ,"1,760"
異形再生 付『絶滅動物図録』,エリック・ハズペス,"3,520"
オトラント城,ホレス・ウォルポール,"3,520"
チェルノブイリの祈り 未来の物語,スベトラーナ・アレクシエービッチ,"1,254"
失われた時を求めて ２ スワン家のほうへ ２,プルースト,"1,034"
四人の署名【阿部知二訳】,コナン・ドイル (著),330
緋色の研究【阿部知二訳】,コナン・ドイル (著),330
バスカヴィル家の犬【阿部知二訳】,コナン・ドイル (著),330
シャーロック・ホームズの冒険【阿部知二訳】,コナン・ドイル (著),440
シャーロック・ホームズの生還【阿部知二訳】,コナン・ドイル (著),440
恐怖の谷【阿部知二訳】,コナン・ドイル (著),330
回想のシャーロック・ホームズ【阿部知二訳】,コナン・ドイル (著),440
白い牙,ロンドン,"1,078"
ティファニーで朝食を,トルーマン・カポーティ,"1,540"
カラマーゾフの兄弟 ２,ドストエフスキー,859
コレラの時代の愛,Ｇ．ガルシア＝マルケス,"3,300"
星の王子さま,サンテグジュペリ,"1,320"
教会で死んだ男,アガサ・クリスティー,968
火曜クラブ,アガサ・クリスティー,924
スタイルズ荘の怪事件,アガサ・クリスティー,814
侍女の物語,マーガレット・アトウッド,"1,320"
青い眼がほしい,トニ・モリスン,946
悪童日記,アゴタ・クリストフ,726
就職しないで生きるには 新装版,レイモンド・マンゴー,"1,540"
タイトル,著者,値段(円)
隣の家の少女,ジャック・ケッチャム,755
アーサー王伝説,アンヌ・ベルトゥロ,"1,760"
鷲は舞い降りた 完全版,ジャック・ヒギンズ,"1,100"
指輪物語 新版 ４ 第一部 旅の仲間 下２,Ｊ・Ｒ・Ｒ・トールキン,770
指輪物語 新版 １ 第一部 旅の仲間 上１,Ｊ・Ｒ・Ｒ・トールキン,770
ペット・セマタリー 上,スティーヴン・キング,880
夜と霧 ドイツ強制収容所の体験記録 新装,Ｖ．Ｅ．フランクル,"1,980"
はてしない物語,ミヒャエル・エンデ,"3,146"
エマソン論文集 下,エマソン,"1,067"
エマソン論文集 上,エマソン,"1,067"
夕陽の道を北へゆけ,ジャニーン・カミンズ,"3,410"
授業／犀 ベスト・オブ・イヨネスコ 新装版,ウージェーヌ・イヨネスコ,"3,960"
雲,エリック・マコーマック,"3,850"
オーバーストーリー,リチャード・パワーズ,"4,730"
思考機械 完全版 第２巻,ジャック・フットレル,"7,480"
ピーター・パンの冒険,ジェームズ・M・バリー,440
リラとわたし,エレナ・フェッランテ,"2,310"
私の名前はルーシー・バートン,エリザベス・ストラウト,"1,980"
もし、シェイクスピアがスター・ウォーズを書いたら まこと新たなる希望なり,ジョージ・ルーカス,"1,650"
眠らぬ人,アレクサンドル・ベリャーエフ,"2,200"
アナスタシア,ウラジーミル・メグレ,"1,870"
生命の火花 ドイツ強制収容所の勇者たち,レマルク,"3,300"
ぼくはお金を使わずに生きることにした,マーク・ボイル,"1,870"
晴れた日には『異邦人』を読もう アルベール・カミュと「やさしい無関心」,東浦 弘樹,"2,530"
タイトル,著者,値段(円)
チーズはどこへ消えた？,スペンサー・ジョンソン,922
ペスト 改版,ダニエル・デフォー,"1,320"
仕事は楽しいかね？ １,デイル・ドーテン,"1,430"
迷路の外には何がある？ 『チーズはどこへ消えた？』その後の物語,スペンサー・ジョンソン,"1,100"
星の巡礼 Ａｎｎｉｖｅｒｓａｒｙ Ｅｄｉｔｉｏｎ,パウロ・コエーリョ,"1,540"
頂きはどこにある？,スペンサー・ジョンソン,"1,026"
春にして君を離れ,アガサ・クリスティー,748
メソポタミヤの殺人,アガサ・クリスティー,902
アクロイド殺し,アガサ・クリスティー,902
ＡＢＣ殺人事件,アガサ・クリスティー,880
ＦＢＩ心理分析官 １ 異常殺人者たちの素顔に迫る衝撃の手記,ロバート・Ｋ．レスラー,880
故郷から１００００光年,ジェイムズ・ティプトリー・Ｊｒ.,"1,760"
アルケミスト Ａｎｎｉｖｅｒｓａｒｙ Ｅｄｉｔｉｏｎ,パウロ・コエーリョ,"1,320"
わたしの名は赤 新訳版 上,オルハン・パムク,"1,100"
ゴルフ場殺人事件,アガサ・クリスティー,924
時計じかけのオレンジ 完全版,アントニイ・バージェス,814
少年少女 改版,アナトール・フランス,440
グレート・ギャツビー,スコット・フィッツジェラルド,"1,100"
カラマーゾフの兄弟 １,ドストエフスキー,796
ナイルに死す,アガサ・クリスティー,"1,078"
物語北欧神話 下,ニール・ゲイマン,"1,760"
物語北欧神話 上,ニール・ゲイマン,"1,760"
わたしの名は赤 新訳版 下,オルハン・パムク,"1,100"
チェルノブイリの祈り 未来の物語,スベトラーナ・アレクシエービッチ,"1,254"
菜食主義者,ハン ガン,"2,420"
タイトル,著者,値段(円)
千夜曳獏 千種創一歌集,千種 創一,"1,980"
夏井いつきの日々是「肯」日,夏井 いつき,"1,760"
誰も気づかなかった,長田弘,"1,980"
まいにちの季語 一日ひとつ三百六十五日の俳句歳時記,辻桃子,"1,650"
蕎麦湯が来ない,せきしろ,"1,540"
俳句は入門できる,長嶋有,869
夜空はいつでも最高密度の青色だ,最果 タヒ,"1,320"
砂丘律 千種創一歌集,千種 創一,"1,540"
マハーバーラタ、聖性と戦闘と豊穣,沖田 瑞穂,"3,850"
大岡信『折々のうた』選 詩と歌謡,大岡 信,858
リリカル・アンドロイド 歌集,荻原 裕幸,"2,200"
暗やみの中で一人枕をぬらす夜は ブッシュ孝子全詩集,ブッシュ 孝子,"2,090"
読む力,井上 弘美,"1,980"
卒寿の自画像 わが人生の賛歌,中西 進,"1,540"
シルバー川柳 笑いあり、しみじみあり 千客万来編,みやぎシルバーネット,"1,100"
大岡信『折々のうた』選 短歌２,大岡 信,858
金曜日の川柳,樋口 由紀子,"1,760"
春夏秋冬を楽しむ俳句歳時記,日下野 由季,"1,320"
夏井いつきの３６５日季語手帖 ２０２０年版,夏井 いつき,"1,650"
今日は誰にも愛されたかった,谷川 俊太郎,"1,320"
美しいからだよ,水沢 なお,"2,200"
たやすみなさい 歌集,岡野 大嗣,"2,200"
コレクション日本歌人選 ０６９ 佐佐木信綱,佐佐木 頼綱,"1,430"
ネコの目玉！ 戸渡阿見詩集,戸渡 阿見,"1,078"
タイトル,著者,値段(円)
古典落語１００席 滑稽・人情・艶笑・怪談……,立川 志の輔,545
完本小林一茶,井上ひさし,990
ローリング・ソング／地球防衛軍苦情処理係,鴻上尚史,"2,420"
「感情」から書く脚本術 心を奪って釘づけにする物語の書き方,カール・イグレシアス,"2,640"
ストーリーの解剖学 ハリウッドＮｏ．１スクリプトドクターの脚本講座,ジョン・トゥルービー,"3,300"
ＳＡＶＥ ＴＨＥ ＣＡＴの法則 本当に売れる脚本術,ブレイク・スナイダー,"2,420"
世阿弥の稽古哲学 増補新装版,西平直,"4,400"
授業／犀 ベスト・オブ・イヨネスコ 新装版,ウージェーヌ・イヨネスコ,"3,960"
最高の映画を書くためにあなたが解決しなくてはならないこと,シド・フィールド,"2,750"
高校演劇Ｓｅｌｅｃｔｉｏｎ ２００３下,佐々 俊之,"2,200"
タイトル,著者,値段(円)
還暦からの底力 歴史・人・旅に学ぶ生き方,出口治明,946
街場の親子論 父と娘の困難なものがたり,内田樹,990
桂太郎 日本政治史上、最高の総理大臣,倉山満,"1,012"
２０２０年６月３０日にまたここで会おう 瀧本哲史伝説の東大講義,瀧本哲史,"1,078"
椿井文書 日本最大級の偽文書,馬部 隆弘,990
バカの壁,養老 孟司,814
新聞の大罪,ヘンリー・S・ストークス,946
ポスト・コロナ　日本はどう変わるのか,河合薫,935
ビザンツ帝国 千年の興亡と皇帝たち,中谷功治,"1,034"
コロナが加速する格差消費　分断される階層の真実,三浦展,891
翻訳の授業　東京大学最終講義,山本史郎,869
世界哲学史６ 近代Ⅰ　啓蒙と人間感情論,伊藤邦武,"1,012"
知らないと恥をかく世界の大問題 １１ グローバリズムのその先,池上彰,990
加害者家族を支援する 支援の網の目からこぼれる人々,阿部恭子,638
フラッシュ 或る伝記,ヴァージニア・ウルフ,"1,760"
男鹿半島北緯４０度の殺人,梓林太郎,990
貧乏国ニッポン ますます転落する国でどう生きるか,加谷珪一,880
腸内細菌の逆襲 お腹のガスが健康寿命を決める,江田 証,968
マックス・ヴェーバー 主体的人間の悲喜劇,今野元,946
陸海の交錯 明朝の興亡,檀上寛,946
生命はデジタルでできている 情報から見た新しい生命像,田口 善弘,"1,100"
オルタナ日本 地球滅亡の危機 上,大石英司,"1,100"
山本五十六の野望 ３ 発動！ハワイ攻略作戦,原 俊雄,"1,045"
美術展の不都合な真実,古賀 太,836
タイトル,著者,値段(円)
「郵便局」が破綻する,荻原博子,869
天正大戦乱 信長覇王伝 西国燃ゆ！,中岡 潤一郎,"1,100"
人類最強のｓｗｅｅｔｈｅａｒｔ,西尾維新,880
哲学とは何か,竹田青嗣,"1,760"
教養として学んでおきたい能・狂言,葛西聖司,957
感染症は実在しない,岩田 健太郎,"1,078"
人類と病 国際政治から見る感染症と健康格差,詫摩 佳代,902
五・一五事件 海軍青年将校たちの「昭和維新」,小山俊樹,990
世界経済図説 第４版,宮崎勇,880
大岡信『折々のうた』選 詩と歌謡,大岡 信,858
バーテンダーの流儀,城 アラキ,902
地図とデータでみる都道府県と市町村の成り立ち,齊藤 忠光,880
世界の性習俗,杉岡幸徳,990
ベーシック会社法入門 第８版,宍戸善一,"1,100"
日本美術の底力 「縄文×弥生」で解き明かす,山下裕二,"1,320"
にわか〈京都人〉宣言 東京者の京都暮らし,校條剛,946
日本のアニメはなぜ世界を魅了し続けるのか アニメ聖地と地方インバウンド論,酒井 亨,990
中世史講義 戦乱篇,高橋典幸,968
お金の減らし方,森博嗣,968
韓国人、韓国を叱る 日韓歴史問題の新証言者たち,赤石 晋一郎,902
古関裕而の昭和史 国民を背負った作曲家,辻田真佐憲,"1,045"
女性リーダーが生まれるとき 「一皮むけた経験」に学ぶキャリア形成,野村浩子,990
空海の哲学,竹村牧男,"1,320"
２２世紀を見る君たちへ これからを生きるための「練習問題」,平田オリザ,946
日本文化の核心 「ジャパン・スタイル」を読み解く,松岡正剛,"1,100"
タイトル,著者,値段(円)
地磁気逆転と「チバニアン」 地球の磁場は、なぜ逆転するのか,菅沼 悠介,"1,210"
日中戦後外交秘史 １９５４年の奇跡,加藤 徹,858
戦車将軍グデーリアン 「電撃戦」を演出した男,大木毅,990
ハーバード流「聞く」技術,パトリック・ハーラン,946
１２０歳まで生きたいので、最先端医療を取材してみた,堀江貴文,924
移民と日本社会 データで読み解く実態と将来像,永吉 希久子,990
出生前診断の現場から 専門医が考える「命の選択」,室月淳,946
証言沖縄スパイ戦史,三上智恵,"1,870"
オリンピックと鉄道 東京・札幌・長野こんなに変わった交通インフラ,松本典久,880
ひとの住処 １９６４−２０２０,隈研吾,814
進化のからくり 現代のダーウィンたちの物語,千葉聡,"1,100"
ザ・スコアラー,三井康浩,990
ＥＵ離脱 イギリスとヨーロッパの地殻変動,鶴岡 路人,946
江南の発展 南宋まで,丸橋 充拓,902
アイロニーはなぜ伝わるのか？,木原善彦,858
時間はどこから来て、なぜ流れるのか？ 最新物理学が解く時空・宇宙・意識の「謎」,吉田伸夫,"1,100"
超限戦 ２１世紀の「新しい戦争」,喬良,"1,320"
リベラル・デモクラシーの現在 「ネオリベラル」と「イリベラル」のはざまで,樋口陽一,924
免疫力を強くする 最新科学が語るワクチンと免疫のしくみ,宮坂昌之,"1,210"
アジア経済とは何か 躍進のダイナミズムと日本の活路,後藤 健太,902
ブランディング,中村 正道,990
精神科医が教える聴く技術,高橋和巳,880
中華の成立 唐代まで,渡辺信一郎,924
宇宙は無限か有限か,松原隆彦,880
自分をコントロールする力 非認知スキルの心理学,森口佑介,990
タイトル,著者,値段(円)
スターは楽し 映画で会いたい８０人,芝山幹郎,"1,320"
運気を磨く 心を浄化する三つの技法,田坂広志,902
財務諸表の見方 第１３版,日本経済新聞社,990
頭のよさとは「説明力」だ 知性を感じる伝え方の技術,齋藤 孝,"1,100"
テクニカル分析がわかる,古城 鶴也,990
美学への招待 増補版,佐々木健一,"1,100"
サバイバル組織術,佐藤優,935
「カッコいい」とは何か,平野啓一郎,"1,100"
皇室はなぜ世界で尊敬されるのか,西川恵,836
反−憲法改正論,佐高信,990
資本主義と民主主義の終焉 平成の政治と経済を読み解く,水野和夫,924
流言のメディア史,佐藤卓己,990
観光亡国論,アレックス・カー,902
思いつきで世界は進む 「遠い地平、低い視点」で考えた５０のこと,橋本治,858
古代オリエントの神々 文明の興亡と宗教の起源,小林登志子,"1,034"
ＡＩに勝てるのは哲学だけだ 最強の勉強法１２＋思考法１０,小川仁志,880
一切なりゆき 樹木希林のことば,樹木 希林,880
誰かに教えたくなる道路のはなし,浅井建爾,"1,100"
ビジネス数学入門 第２版,芳沢光雄,946
暴走トランプと独裁の習近平に、どう立ち向かうか？,細川 昌彦,946
インフルエンザなぜ毎年流行するのか,岩田 健太郎,902
公卿会議 論戦する宮廷貴族たち,美川 圭,924
筋肉は本当にすごい すべての動物に共通する驚きのメカニズム,杉晴夫,"1,210"
子育てで一番大切なこと 愛着形成と発達障害,杉山登志郎,924
学ぶということ,内田 樹,924
タイトル,著者,値段(円)
女帝小池百合子,石井妙子,"1,650"
ワイルドサイドをほっつき歩け ハマータウンのおっさんたち,ブレイディみかこ,"1,485"
目に見えぬ侵略 中国のオーストラリア支配計画,クライブ・ハミルトン,"2,090"
猫を棄てる 父親について語るとき,村上春樹,"1,320"
原節子の真実,石井妙子,781
もうひとつの空の飛び方 『枕草子』から『ナルニア国』まで,荻原規子,748
自分の薬をつくる,坂口恭平,"1,650"
村上Ｔ 僕の愛したＴシャツたち,村上春樹,"1,980"
男尊女子,酒井順子,649
気がつけば、終着駅,佐藤愛子,"1,320"
ぼくはイエローでホワイトで、ちょっとブルー Ｔｈｅ Ｒｅａｌ Ｂｒｉｔｉｓｈ Ｓｅｃｏｎｄａｒｙ Ｓｃｈｏｏｌ Ｄａｙｓ,ブレイディみかこ,"1,485"
おそめ 伝説の銀座マダム,石井 妙子,825
弱さの力,若松英輔,"1,650"
写楽,皆川博子,924
Zoom & Slack 完全マニュアル,八木重和,"1,628"
田辺聖子の万葉散歩,田辺聖子,"1,760"
君は君の道をゆけ,齋藤孝,"1,430"
沢木耕太郎セッションズ〈訊いて，聴く〉 IV,沢木耕太郎,"1,870"
ＫＧＢの男 冷戦史上最大の二重スパイ,ベン・マッキンタイアー,"3,190"
チェンジ！ パラアスリートを撮り続けて、ぼくの世界は変わった,越智貴雄,"1,650"
天武天皇の正体 古人大兄＝大海人＝天武の真相,林 順治,"2,200"
竜宮城と七夕さま,浅田次郎,638
問いのデザイン 創造的対話のファシリテーション,安斎勇樹,"2,970"
竹中四代目暗殺事件のヒットマン・長野修一 獄中書簡３５６通全公開,木村 勝美,"1,980"
タイトル,著者,値段(円)
人生が整う「ひとり時間」の過ごし方☆ ＧＯ ＷＩＴＨ ＴＨＥ ＦＬＯＷ．ＴＡＫＥ ＯＮＥ ＳＴＥＰ ＡＴ Ａ ＴＩＭＥ,佳川奈未,"1,430"
さらに、やめてみた。 自分のままで生きられるようになる、暮らし方・考え方,わたなべぽん,"1,100"
虫とゴリラ,養老孟司,"1,650"
毎日、ふと思う 帆帆子の日記 １９ それが好きか、心に聞いてみる,浅見 帆帆子,"1,540"
好きなことを好きな時に好きな場所で好きなだけ♡ “私”を発信したら人生変わった,宮本 佳実,"1,540"
多額の資産をめぐる離婚の実務 ケーススタディ 財産分与，婚姻費用・養育費の高額算定表,三平聡史,"3,190"
腹黒のジレンマ,ぶんけい,"1,320"
サルデーニャの蜜蜂,内田洋子,"1,870"
ことばの波止場,和田誠,726
文豪の悪態 皮肉・怒り・嘆きのスゴイ語彙力,山口謠司,"1,650"
コミュニケーション・ストレス 男女のミゾを科学する,黒川伊保子,990
スマホ人生戦略 お金・教養・フォロワー３５の行動スキル,堀江貴文,"1,540"
ヒヨコの蠅叩き 新装版,群ようこ,693
地獄と人間 吉本隆明拾遺講演集,吉本 隆明,"4,180"
陸軍中将樋口季一郎の遺訓 ユダヤ難民と北海道を救った将軍,樋口 季一郎,"4,950"
うたうおばけ,くどう れいん,"1,540"
フジモトマサルの仕事,コロナ・ブックス編集部,"1,980"
コロナの時代の僕ら,パオロ・ジョルダーノ,"1,430"
親になったの私だけ！？,ゆむい,"1,155"
パリの砂漠、東京の蜃気楼,金原ひとみ,"1,870"
いやよいやよも旅のうち,北大路公子,726
いつも人のことばかり考えて凹んでしまうあなたが「ま、いっか」と思える本,大嶋信頼,"1,320"
さだの辞書,さだまさし,"1,650"
東京百景,又吉直樹,726
タイトル,著者,値段(円)
すべての始まり,吉本ばなな,693
お金の減らし方,森博嗣,968
カレンの台所,滝沢カレン,"1,540"
昨日も２２時に寝たので僕の人生は無敵です 明日が変わる大人の早起き術,井上 皓史,"1,540"
世界最凶都市ヨハネスブルグ・リポート 南アフリカ共和国・ヨハネスブルグ１００日間取材記録,小神野 真弘,"1,650"
明日咲く言葉の種をまこう 心を耕す名言１００,岡崎 武志,"2,200"
小田嶋隆のコラムの切り口,小田嶋 隆,"1,650"
古関裕而の昭和史 国民を背負った作曲家,辻田真佐憲,"1,045"
回想の織田信長 フロイス「日本史」より,ルイス・フロイス,"1,100"
人生が変わる「王様思考」,松島修,770
聞き書緒方貞子回顧録,緒方 貞子,"1,694"
その悩み、エピクテトスなら、こう言うね。 古代ローマの大賢人の教え,山本貴光,"1,540"
なにものにもこだわらない,森 博嗣,858
つげ義春日記,つげ義春,"1,430"
フランチェスコ・トッティ自伝 キャプテン魂,フランチェスコ・トッティ,"2,530"
戦車将軍グデーリアン 「電撃戦」を演出した男,大木毅,990
ハーバード流「聞く」技術,パトリック・ハーラン,946
できることならスティードで,加藤 シゲアキ,"1,430"
鉄道について話した。,市川紗椰,"1,430"
森沢カフェ,森沢 明夫,858
猫には負ける,佐々木幹郎,"1,650"
１３歳からのアート思考 「自分だけの答え」が見つかる,末永 幸歩,"1,980"
三島由紀夫,熊野 純彦,"1,320"
なんで僕に聞くんだろう。,幡野 広志,"1,650"
暇なんかないわ大切なことを考えるのに忙しくて ル＝グウィンのエッセイ,アーシュラ・Ｋ・ル=グウィン,"2,640"
タイトル,著者,値段(円)
太田道灌と長尾景春 暗殺・叛逆の戦国史,黒田 基樹,"2,860"
いーすとけん。 ふかふかわんこのつめあわせ,kodama,990
僕は、死なない。 全身末期がんから生還してわかった人生に奇跡を起こすサレンダーの法則,刀根 健,"1,650"
結婚してもしなくてもうるわしきかな人生,小林 久乃,"1,650"
バビロンの大富豪 コミック版 「繁栄と富と幸福」はいかにして築かれるのか,ジョージ・Ｓ．クレイソン,"1,320"
運気を磨く 心を浄化する三つの技法,田坂広志,902
なんでわざわざ中年体育,角田光代,682
介護のうしろから「がん」が来た！,篠田節子,"1,430"
美人は上品な言葉遣いでできている オトナ女子のための「語彙力」練習帳,山口謠司,"1,540"
頭のよさとは「説明力」だ 知性を感じる伝え方の技術,齋藤 孝,"1,100"
私は幽霊を見ない,藤野可織,"1,650"
「できないことはやらない」で上手くいく 嫉妬、コンプレックスを「捨てる」技術,午堂 登紀雄,"1,650"
「カッコいい」とは何か,平野啓一郎,"1,100"
年収９０万円でハッピーライフ,大原扁理,814
アイデンティティが人を殺す,アミン・マアルーフ,"1,210"
資本主義と闘った男 宇沢弘文と経済学の世界,佐々木実,"2,970"
アウトルック最速仕事術 年間１００時間の時短を実現した３２のテクニック,森 新,"1,760"
『英雄伝』の挑戦 新たなプルタルコス像に迫る,小池 登,"4,950"
私は私のままで生きることにした,キム スヒョン,"1,430"
生きづらいでしたか？ 私の苦労と付き合う当事者研究入門,細川貂々,"1,320"
ボーイズ 男の子はなぜ「男らしく」育つのか,レイチェル・ギーザ,"3,080"
話を聞きたがらない夫悩みを聞いてほしい妻 精神科医が教えるコミュニケーションのコツ,原 わた,"1,320"
作家と一日,吉田修一,550
メモの魔力,前田 裕二,"1,540"
ビジネス数学入門 第２版,芳沢光雄,946
タイトル,著者,値段(円)
経営改革大全 企業を壊す１００の誤解,名和高司,"2,750"
印刷用紙サンプルＢＯＯＫ ２００種類以上の印刷用紙に、同絵柄・文字を刷って１冊に。,『デザインのひきだし』編集部,"5,940"
世界経済はもっと荒れるぞ、そして超インフレだ,澤上篤人,"1,870"
世界標準の経営理論,入山 章栄,"3,190"
みんなではじめるデザイン批評 目的達成のためのコラボレーション＆コミュニケーション改善ガイド,アーロン・イリザリー,"2,420"
自分の薬をつくる,坂口恭平,"1,650"
新型コロナウイルス影響下の法務対応,中央経済社,"2,090"
就職四季報企業研究・インターンシップ版 ２０２２年版,東洋経済新報社,"1,540"
もうすぐ世界恐慌 そしてハイパーインフレが襲い来る,副島隆彦,"1,760"
世界一楽しい決算書の読み方 会計クイズを解くだけで財務３表がわかる,大手町のランダムウォーカー,"1,540"
財務諸表分析 第８版,桜井久勝,"3,740"
衛生管理 第１種用 受験から実務まで 第１１版 下,中央労働災害防止協会,"2,200"
衛生管理 第１種用 受験から実務まで 第１１版 上,中央労働災害防止協会,"2,200"
岩田さん 岩田聡はこんなことを話していた。,岩田 聡,"1,870"
取締役になるときいちばん最初に読む本 これだけは知っておきたい！,西田 弥代,"1,980"
ファスト＆スロー あなたの意思はどのように決まるか？ 上,ダニエル・カーネマン,924
ショック・ドクトリン 惨事便乗型資本主義の正体を暴く 上,ナオミ・クライン,"2,750"
非才！ あなたの子どもを勝者にする成功の科学,マシュー・サイド,"2,090"
経営分析の基本がハッキリわかる本 新会社法対応！ 「会社数字」の分析法をわかりやすく、体系的に伝授！ キャッシュフロー時代の計数感覚の磨き方・活かし方 新版,千賀 秀信,"1,650"
Zoom & Slack 完全マニュアル,八木重和,"1,628"
会計全書,金子宏,"18,700"
法人税重要計算ハンドブック,中村慈美,"2,420"
タイトル,著者,値段(円)
コーポレート・トランスフォーメーション 日本の会社をつくり変える,冨山和彦,"1,650"
『これだけは知っておきたい「税金」のしくみとルール改訂新版6版』,梅田泰宏,"1,540"
「収益認識会計基準と税務」完全解説 改訂版,太田 達也,"2,640"
日航１２３便墜落の新事実 目撃証言から真相に迫る,青山透子,880
欲望の経済を終わらせる,井手英策,968
民警,猪瀬直樹,682
名鉄の支線、廃線 １９６０年代〜９０年代の思い出アルバム 個性あふれる昭和の時代の記録 上巻 三河・知多編、瀬戸線,生田 誠,"2,970"
問いのデザイン 創造的対話のファシリテーション,安斎勇樹,"2,970"
世界一やさしい米国株の教科書１年生 再入門にも最適！,はちどう,"1,628"
戦略読書 増補版,三谷宏治,"1,100"
公共事業が日本を救う 「コロナ禍」を乗り越えるために 令和版,藤井 聡,"1,870"
コロナバブルの衝撃！ 空前のバブル相場に備えよ,菅下清廣,"1,760"
貧乏国ニッポン ますます転落する国でどう生きるか,加谷珪一,880
始めるノートメソッド,西寺 郷太,"1,650"
ビジネスエリートになるための教養としての投資,奥野 一成,"1,650"
2020年度版 給与計算実務能力検定®１級公式テキスト,北村庄吾,"2,200"
意思決定理論,林 貴志,"4,950"
コロナ大不況後、日本は必ず復活する,高橋 洋一,"1,430"
共感経営 「物語り戦略」で輝く現場,野中郁次郎,"1,980"
危機の時代 伝説の投資家が語る経済とマネーの未来,ジム・ロジャーズ,"1,760"
タイトル,著者,値段(円)
コミュニケーション・ストレス 男女のミゾを科学する,黒川伊保子,990
エコノミック・ステイトクラフト経済安全保障の戦い,國分 俊史,"4,070"
スマホ人生戦略 お金・教養・フォロワー３５の行動スキル,堀江貴文,"1,540"
コロナショック・サバイバル 日本経済復興計画,冨山和彦,"1,320"
ジム・ロジャーズ大予測 激変する世界の見方,ジム・ロジャーズ,"1,430"
新会計基礎論 第２版,大阪経済大学会計学研究室,"2,640"
バーチャル株主総会の実務,澤口実,"2,420"
契約法 第３版,野澤正充,"2,970"
世界経済図説 第４版,宮崎勇,880
神コーチング 人が育つ言葉 若手育成の常識を変えた日本一の二軍監督がすべての上司に伝えたい,白井一幸,"1,650"
データで見る行動経済学 全世界大規模調査で見えてきた「ナッジの真実」,キャス・サンスティーン,"2,750"
天文航法のＡＢＣ 天測の基本から観測・計算・測位の実際まで,廣野 康平,"3,300"
ストーリーで理解する日本一わかりやすいＭａａＳ＆ＣＡＳＥ,中村尚樹,"1,980"
ベーシック会社法入門 第８版,宍戸善一,"1,100"
図解新型コロナウイルス職場の対策マニュアル,亀田 高志,"1,540"
武器としての「資本論」,白井聡,"1,760"
豊田章男,片山修,"1,650"
現代経済学の直観的方法,長沼伸一郎,"2,640"
日本のアニメはなぜ世界を魅了し続けるのか アニメ聖地と地方インバウンド論,酒井 亨,990
物流コスト調査報告書 ２０１９年度,日本ロジスティクスシステム協会ＪＩＬＳ総合研究所,"11,000"
保証の法律相談,鈴木 銀治郎,"4,290"
小さな会社にピッタリの使える労務管理術 トラブルを未然に防いで社員を伸ばす具体的方策,西村 聡,"1,650"
相続税贈与税土地評価実務の教科書 正しい調査・画地調整を行うためのハンドブック,岡部 弘幸,"2,750"
土地家屋調査士解説不動産表示登記記録例 改訂版,山井 由典,"2,420"
基本テキスト会社法 第２版,三浦治,"3,850"
タイトル,著者,値段(円)
日本貨物鉄道地図鑑 日本を運ぶ美しき車両たち,木村 雄一,"2,750"
ビジネス法入門 第３版,中村信男,"2,860"
競売不動産の基礎知識 競売不動産取扱主任者公式テキスト ３訂版,青山 一広,"3,080"
事務管理・不当利得・不法行為 第３版,野澤正充,"3,080"
９０日で成果をだすＤＸ入門,須藤 憲司,"1,760"
財務会計講義 第２１版,桜井久勝,"4,180"
ＩＲ戦略の実務,高辻成彦,"3,080"
ＪＡＬ機長たちが教えるコックピット雑学 飛行機とパイロットの仕事がよくわかる,日本航空,"1,320"
女性リーダーが生まれるとき 「一皮むけた経験」に学ぶキャリア形成,野村浩子,990
ＳＣＯ検定試験模擬問題集 シニア・コンプライアンス・オフィサー 一般社団法人金融検定協会認定 ２０年５月試験版,金融検定協会,"2,960"
労働法制の適用範囲がよくわかる自治体の人事労務管理 人材の多様化に対応！,鳥羽 稔,"2,420"
乗務員室からみたＪＲ 英語車掌の本当にあった鉄道打ち明け話,関 大地,"1,540"
ハーバード流「聞く」技術,パトリック・ハーラン,946
雑談の一流、二流、三流,桐生稔,"1,650"
衛生管理 第１種用 受験から実務まで 第１１版 下,中央労働災害防止協会,"2,200"
衛生管理 第１種用 受験から実務まで 第１１版 上,中央労働災害防止協会,"2,200"
ビジネス実務法務検定試験３級テキスト＆問題集 この１冊でラクラク受かる！ ２０２０年度版,コンデックス情報研究所,"1,650"
知的財産権六法 ２０２０,角田政芳,"3,080"
日本企業復活の戦略 先が読みにくい時代の５つの定石,ベイン・アンド・カンパニー,"1,980"
１３歳からのアート思考 「自分だけの答え」が見つかる,末永 幸歩,"1,980"
合格トレーニング日商簿記３級 Ｖｅｒ．１１．０ 第１１版,ＴＡＣ簿記検定講座,"1,650"
合格テキスト日商簿記３級 Ｖｅｒ．１１．０ 第１１版,ＴＡＣ簿記検定講座,"2,200"
公認会計士試験用参考法令基準集 令和２年企業法,大蔵財務協会,"3,200"
ビジネス実務法務検定試験３級公式問題集 ２０２０年度版,東京商工会議所,"2,640"
タイトル,著者,値段(円)
ＣｅｎｔＯＳ７で作るネットワークサーバ構築ガイド １８０４対応 第２版,サーバ構築研究会,"4,950"
吉田誠治作品集＆パース徹底テクニック,吉田 誠治,"2,860"
できるＧｏｏｇｌｅ ｆｏｒ Ｅｄｕｃａｔｉｏｎクラウド学習ツール実践ガイド,ストリートスマート,"2,200"
ノンデザイナーズ・デザインブック 第４版,Ｒｏｂｉｎ Ｗｉｌｌｉａｍｓ,"2,398"
みんなではじめるデザイン批評 目的達成のためのコラボレーション＆コミュニケーション改善ガイド,アーロン・イリザリー,"2,420"
ウェブ解析士認定試験問題集 改訂版公式テキスト２０２０対応 改訂版 ２０２０,ウェブ解析士協会カリキュラム委員会,"2,497"
東海オンエアの動画が６．４倍楽しくなる本 虫眼鏡の概要欄 続 平成ノスタルジー編,虫眼鏡,968
さわって学ぶクラウドインフラ　docker基礎からのコンテナ構築,大澤文孝,"2,970"
ＵＮＩＴＹデザイナーズ・バイブル これから始める人でも現場で使えるスキルが身につく すべての職種で役立つ最新トピックを厳選,森 哲哉,"5,060"
オブジェクト指向ＵＩデザイン 使いやすいソフトウェアの原理,ソシオメディア株式会社,"3,278"
東海オンエアの動画が６．４倍楽しくなる本 虫眼鏡の概要欄 真 ウェルカム令和編,虫眼鏡,968
限定版　真・東海オンエアの動画が6．4倍楽しくなる本　虫眼鏡の概要欄　ウェルカム令和編,虫眼鏡,"1,430"
ＰｙｔｈｏｎではじめるＷｅｂサービス＆スマホアプリの書きかた・作りかた 最初はみんなプロトタイプだった！,クジラ飛行机,"3,520"
パーフェクトＰｙｔｈｏｎ 改訂２版,露木誠,"3,608"
ＰＨＰマイクロフレームワークＳｌｉｍ Ｗｅｂアプリケーション開発 幅広い知識を身につける,齊藤新三,"3,960"
脱自己流の資料作成術 伝わるデザインと図解作成テクニック 豊富な作例でコツがつかめる,山橋 美穂,"1,980"
猫が教えるショートカットキー１５０,宮本 朱美,"1,078"
情報リテラシー 入門編,富士通エフ・オー・エム株式会社,"1,100"
アイビスペイント公式ガイドブック スマホと指でここまで描ける！本格お絵かきアプリ,アイビス,"2,200"
タイトル,著者,値段(円)
『烈車戦隊トッキュウジャー』キャラクターブック Ｖｏｌ．２ ＫＩ・ＲＡ・ＫＩ・ＲＡ,小林 ばく,"2,241"
麒麟がくる 後編,池端 俊策,"1,210"
男子ごはんの本 その１２,国分太一,"1,980"
女たちのシベリア抑留,小柳 ちひろ,"1,870"
東京百景,又吉直樹,726
ｐｕｒｉｏ 吉田莉桜ファースト写真集,西田幸樹,"3,300"
１９８０年の松田聖子,石田伸也,"1,430"
ＣＵＲＩＯＳＩＴＹ 寺本莉緒１ｓｔ写真集,ＬＵＣＫＭＡＮ,"2,750"
タイトル,著者,値段(円)
新クトゥルフ神話TRPG クトゥルフ2020,内山靖二郎,"4,180"
ファイナルファンタジーⅦ １０ｔｈアニバーサリーアルティマニア 増補改訂版,Ｓｔｕｄｉｏ ＢｅｎｔＳｔｕｆｆ,"2,090"
シノビガミ華 シノビガミ十周年記念ルールブック,河嶋陶一朗,"8,800"
岩田さん 岩田聡はこんなことを話していた。,岩田 聡,"1,870"
ＢＡＮＡＮＡ ＦＩＳＨ ＴＶアニメ公式ガイド〜Ｍｏｍｅｎｔ〜,吉田秋生,"2,530"
ファイナルファンタジーⅦ外伝タークス〜ザ・キッズ・アー・オールライト〜,野島 一成,"1,540"
ソード・ワールド2.5サプリメント キャラクタービルディングブック,北沢慶,"2,860"
ファイナルファンタジーⅦリメイクアルティマニア,Ｓｔｕｄｉｏ ＢｅｎｔＳｔｕｆｆ,"2,750"
マジンガーＺ テレビＴＶマガジン完全復刻コレクション,講談社,"5,555"
鉄道の都キングスフォール,北沢 慶,"3,080"
エピックトレジャリー,北沢 慶,"3,740"
山本二三百景 新装版,山本 二三,"3,300"
テイルズオブヴェスペリアＲＥＭＡＳＴＥＲパーフェクトガイド,ファミ通,"2,200"
タイトル,著者,値段(円)
Ｔｈｅ Ｄｉｓｎｅｙ ＢＯＯＫ 誕生から未来までディズニーのすべて,ジム・ファニング,"4,070"
タイトル,著者,値段(円)
吉田誠治作品集＆パース徹底テクニック,吉田 誠治,"2,860"
印刷用紙サンプルＢＯＯＫ ２００種類以上の印刷用紙に、同絵柄・文字を刷って１冊に。,『デザインのひきだし』編集部,"5,940"
僕が手にいれた発達障害という止まり木,柳家 花緑,"1,320"
イタリア絵画史,ロベルト・ロンギ,"1,650"
ノンデザイナーズ・デザインブック 第４版,Ｒｏｂｉｎ Ｗｉｌｌｉａｍｓ,"2,398"
ラクガキのススメ,小澤 基弘,"2,200"
書物の幻影 北見隆装幀画集,北見 隆,"3,520"
あいちトリエンナーレ２０１９ 情の時代,あいちトリエンナーレ実行委員会,"3,520"
ＴＨＥ ＬＹＲＩＣＳ １９７４−２０１２,ボブ・ディラン,"4,950"
ＴＨＥ ＬＹＲＩＣＳ １９６１−１９７３,ボブ・ディラン,"4,950"
ディズニー名曲集,秋 敦子,"2,090"
フィン・ユールの世界 北欧デザインの巨匠,織田 憲嗣,"2,200"
芸術学の基礎概念 古代から中世への過渡期に即した批判的論究ならびに体系的連関における叙述,アウグスト・シュマルゾー,"30,800"
泣くロミオと怒るジュリエット,鄭義信,"2,200"
時代劇ベスト１００＋５０,春日太一,880
小さな演劇の大きさについて,佐々木 敦,"3,080"
始めるノートメソッド,西寺 郷太,"1,650"
タイトル,著者,値段(円)
文化は人を窒息させる デュビュッフェ式〈反文化宣言〉,ジャン・デュビュッフェ,"2,420"
世阿弥の稽古哲学 増補新装版,西平直,"4,400"
美術展の不都合な真実,古賀 太,836
旅の風景,安野 光雅,"4,950"
東京幻想作品集,東京幻想,"2,750"
デザインのつかまえ方 ロゴデザイン４０事例に学ぶアイデアとセオリー,小野 圭介,"2,200"
教養として学んでおきたい能・狂言,葛西聖司,957
上方落語ノート 第２集,桂米朝,"1,364"
日本美術の底力 「縄文×弥生」で解き明かす,山下裕二,"1,320"
手織りの組織図事典 三原組織から特別組織まで、４３の織物組織を徹底解説。,彦根愛,"3,850"
古関裕而の昭和史 国民を背負った作曲家,辻田真佐憲,"1,045"
Ｋ・ペンデレツキの声楽作品における死と生のダイナミズム クラスター作法の意味論,黄木 千寿子,"2,420"
メイク・ザット・チェンジ−世界を変えよう− マイケル・ジャクソン：精神の革命家、そのメッセージと運命,ソフィア・パーデ,"6,380"
「ダーククリスタル」アルティメット・ヴィジュアル・ブック ジム・ヘンソンによる究極の人形劇映画の舞台裏,カシーン・ゲインズ,"5,500"
ハムスター助六の日常,ＧＯＴＴＥ,"1,210"
アニメ私塾流最高の絵と人生の描き方 添削解説８０点付き,室井 康雄,"1,760"
タイトル,著者,値段(円)
オンカク 音楽家、指導者、フリーランスのための確定申告・税金ガイド,栗原 邦夫,"1,540"
落語暦,宮原 勝彦,"2,400"
水彩−自然を描く 空・雲・山・木・霞・水・岩の描き方ガイド,あべとしゆき,"2,200"
スターは楽し 映画で会いたい８０人,芝山幹郎,"1,320"
バスキア ザ・ノートブックス,バスキア,"3,850"
能楽手帖,天野文雄,"1,430"
東京夜行,マテウシュ・ウルバノヴィチ,"2,530"
写真みたいな絵が描ける色鉛筆画 初心者からでもステップアップでここまで表現,三上 詩絵,"2,200"
ドナルド・ジャッド 風景とミニマリズム,荒川 徹,"3,300"
Ｄｉｓｎｅｙステッチパズルぬりえ ぜんぶかわいい！ディズニーキャラクター,クリストフ＝アレクシ・ペレ,"1,430"
美学への招待 増補版,佐々木健一,"1,100"
大人の科学マガジン　ＢＥＳＴＳＥＬＥＣＴＩＯＮ０２　二眼レフカメラ,鈴木知子,"3,278"
永遠と一秒 ｙｏｃｏ作品集,ｙｏｃｏ,"2,310"
エンターテインメント法務Ｑ＆Ａ 権利・契約・トラブル対応・関係法律・海外取引 第２版,エンターテインメント・ロイヤーズ・ネットワーク,"4,620"
ジャズと喫茶とオーディオ,田中 伊佐資,"2,200"
ファウスト 改版 悲劇第２部,ゲーテ,"1,760"
ファウスト 改版 悲劇第１部,ゲーテ,"1,540"
映画ＫＩＮＧＤＯＭ写真集−ＴＨＥ ＭＡＫＩＮＧ−,原泰久,"2,420"
だらっとしたポーズカタログ ３ なかよし女子高生の放課後,マール社編集部,"2,750"
フェルメール隠された次元,福岡 伸一,"2,420"
タイトル,著者,値段(円)
お絵描きチュートリアル パーツがわかれば描ける！ キャラ作画の基本,パク リノ,"1,870"
山本二三百景 新装版,山本 二三,"3,300"
映画刀剣乱舞公式シナリオブック,小林 靖子,"1,760"
ＭＡＳＡＨＩＳＡ ＦＵＫＡＳＥ,ＭＡＳＡＨＩＳＡ ＦＵＫＡＳＥ,"8,800"
落語−哲学,中村昇,"1,980"
だらっとしたポーズカタログ ２ 女の子・男子高校生・スーツの男性,マール社編集部,"2,750"
絵がうまくなる色鉛筆のすごい！ぬり絵,野村 重存,"1,980"
コード理論大全,清水 響,"3,080"
図説中世ヨーロッパの美術,浅野 和生,"1,980"
リメイク映画の創造力,北村 匡平,"3,520"
アート・オブ・スター・ウォーズ／最後のジェダイ,フィル・スゾスタック,"5,500"
ギリシャ美術史入門,中村 るい,"1,980"
俺たちの明日 エレファントカシマシの軌跡 下巻,宮本 浩次,"2,037"
俺たちの明日 エレファントカシマシの軌跡 上巻,宮本 浩次,"2,037"
仲代達矢が語る日本映画黄金時代 完全版,仲代 達矢,869
クリスタ デジタルマンガ＆イラスト道場 ＣＬＩＰ ＳＴＵＤＩＯ ＰＡＩＮＴ ＰＲＯ／ＥＸ対応,サイドランチ,"2,398"
往復書簡 初恋と不倫,坂元 裕二,"1,760"
もう一度倫敦巴里,和田 誠,"2,420"
ライブパフォーマンスと地域 伝統・芸術・大衆文化,神谷 浩夫,"2,860"
東京映画地図,宮崎 祐治,"1,980"
タイトル,著者,値段(円)
最強免疫力の愛情ホルモン「オキシトシン」は自分で増やせる！！ 薬もサプリも、もう要らない！,保江 邦夫,"1,760"
世界一わかりやすい「医療政策」の教科書,津川 友介,"3,300"
「脳コワさん」支援ガイド,鈴木 大介,"2,200"
調剤報酬実務必携 ２０２０年４月版,北海道医薬総合研究所,550
衛生管理 第１種用 受験から実務まで 第１１版 下,中央労働災害防止協会,"2,200"
衛生管理 第１種用 受験から実務まで 第１１版 上,中央労働災害防止協会,"2,200"
新型コロナウイルスとの戦い方はサッカーが教えてくれる,岩田 健太郎,"1,650"
糖尿病療養指導ガイドブック 糖尿病療養指導士の学習目標と課題 ２０２０,日本糖尿病療養指導士認定機構,"3,300"
新型コロナウイルス 脅威を制する正しい知識,水谷 哲也,"1,320"
糖尿病治療ガイド ２０２０−２０２１,日本糖尿病学会,990
エンド・オブ・ライフケアの臨床倫理 ＡＣＰの歴史的背景から理論・実践事例まで網羅,箕岡 真子,"3,080"
人類と病 国際政治から見る感染症と健康格差,詫摩 佳代,902
健診も深まる！小児の身体診察と情報収集,Ｋａｒｅｎ Ｇ．Ｄｕｄｅｒｓｔａｄｔ,"8,250"
新型コロナウイルス緊急対策マニュアル これでわが家の感染対策はバッチリ！,齋藤勝裕,880
ＪＡＰＩＣ医療用医薬品集 普及新版 ２０２０,日本医薬情報センター,"5,280"
からだと健康の英単語 語源図解,清水建二,"1,980"
解剖生理学ノート 人体の構造と機能 第３版,志村 二三夫,"2,860"
高齢者の暮らしを守る在宅・感染症診療,高山 義浩,"4,730"
タイトル,著者,値段(円)
今日の治療指針 私はこう治療している ポケット判 ２０２０,福井 次矢,"16,500"
今日の治療薬 解説と便覧 ２０２０,浦部晶夫,"5,060"
公衆衛生学 社会・環境と健康 ２０２０年版,柳川 洋,"2,860"
当直医マニュアル ２０２０,井上 賀元,"5,720"
精神科医が教える聴く技術,高橋和巳,880
マスクの品格,大西 一成,"1,320"
精神科看護 ２０１９−１２ カンフォータブル・ケア焦らず・折れず・諦めず,『精神科看護』編集委員会,"1,100"
日本肝臓学会肝臓専門医認定試験問題・解答と解説 第５集,日本肝臓学会,"6,050"
生き延びるためのアディクション 嵐の後を生きる「彼女たち」へのソーシャルワーク,大嶋 栄子,"3,960"
産業保健ハンドブック 改訂１７版,森 晃爾,660
急性期看護 成人看護学 改訂第３版 ２ 救急看護・クリティカルケア,佐藤 まゆみ,"3,080"
イラストレイテッド生化学,DeniseR.Ferrier,"8,580"
地域療養を支えるケア 第６版,臺 有桂,"3,740"
菌娘と学ぶ感染症イラスト図鑑,医療美術部,"1,760"
紛争地の看護師,白川 優子,"1,540"
登録販売者になる！いちばんわかるテキスト！ 本番向け模擬試験１２０問付き！ 第６版,米山 博史,"3,520"
開講！神戸中央市民ＥＲ＋ＩＣＵスクール ＥＲ医＋ＩＣＵ医の頭の中をのぞいてみよう 鑑別診断・初期対応からＩＣＵ管理まで見わたせる！,神戸市立医療センター中央市民病院救命救急センター,"4,400"
メディカルサービス法人をめぐる法務と税務 医療法人・ＭＳ法人間取引の実務ガイド 改訂増補,佐々木 克典,"3,080"
臨床研究立ち上げから英語論文発表まで最速最短で行うための極意 実践対談編 すべての臨床医そして指導医にも捧ぐ超現場型の臨床研究体験書,原 正彦,"4,620"
コンパクト公衆衛生学 第６版,松浦 賢長,"3,190"
高齢者糖尿病治療ガイド ２０１８,日本糖尿病学会,880
思春期リプロダクティブヘルス〈ＡＲＨ〉プロジェクトを経験して,高木 史江,"1,320"
在宅療養を支える技術,臺 有桂,"3,080"
タイトル,著者,値段(円)
鬼滅の刃 風の道しるべ,吾峠呼世晴,770
さよなら異世界、またきて明日II 旅する轍と希望の箱 2,風見鶏,792
転生王子はダラけたい １０,朝比奈 和,"1,320"
小説仮面ライダー鎧武外伝 仮面ライダー斬月,石ノ森 章太郎,715
御苑筆姫物語,喜咲冬子,726
後宮妃の管理人　三 ～寵臣夫婦は繋ぎとめる～,しきみ彰,726
紅霞後宮物語　第十一幕,雪村花菜,660
魔法使いで引きこもり？ ７ モフモフと守る小さな命,小鳥屋エム,"1,320"
鬼滅の刃 ２ 片羽の蝶,吾峠 呼世晴,770
鬼滅の刃 １ しあわせの花,吾峠 呼世晴,770
十三歳の誕生日、皇后になりました。３,石田リンネ,748
愛され王子の異世界ほのぼの生活 顔良し、才能あり、王族生まれ。ガチャで全部そろって異世界へ,霜月 雹花,"1,320"
竜王様、ごはんの時間です！ グータラＯＬが転生したら、最強料理人！？,徒然花,"1,320"
終わりのセラフ 一瀬グレン、１９歳の世界再誕 １,鏡貴也,660
Ｏｎ ｔｈｅ Ｗａｙ ｔｏ ａ Ｓｍｉｌｅ ＦＩＮＡＬ ＦＡＮＴＡＳＹ Ⅶ,野島 一成,"1,540"
エルフ公爵は呪われ令嬢をイヤイヤ娶る２,江本マシメサ,"1,320"
八歳から始まる神々の使徒の転生生活３,えぞぎんぎつね,"1,320"
ぼんくら陰陽師の鬼嫁　六,秋田みやび,682
きみに、にゃあと鳴いてやる。 わたしが猫になった67日間,村田天,726
異世界に転移したら山の中だった。反動で強さよりも快適さを選びました。,じゃがバター,"1,320"
タイトル,著者,値段(円)
京都はんなり、かりそめ婚 洛中で新酒をめしあがれ,華藤えれな,748
ラストエンブリオ８ 追想の問題児,竜ノ湖太郎,704
無職転生　～異世界行ったら本気だす～　23,理不尽な孫の手,"1,320"
クランツ竜騎士家の箱入り令嬢,紫月恵里,702
まがいもの令嬢から愛され薬師になりました,佐槻奏多,702
後宮染華伝 黒の罪妃と紫の寵妃,はるおかりの,682
ゆきうさぎのお品書き あらたな季節の店開き,小湊悠貴,682
アサシンズプライド12 暗殺教師と薄明星火,天城ケイ,715
大家族四男７　兎田士郎の不思議なテディベア 第７巻,日向唯稀,715
黒猫館・続　黒猫館,倉田悠子,"1,650"
銀河連合日本　Age　after　シエの帰郷,松本保羽,"1,485"
北の砦にて　新しい季節～転生して、もふもふ子ギツネな雪の精霊になりました～,三国司,"1,430"
勿論、慰謝料請求いたします！ ４,soy,726
天才王子の赤字国家再生術7～そうだ、売国しよう～,鳥羽徹,693
俺の女友達が最高に可愛い。2,あわむら赤光,704
きれいなお姉さんに養われたくない男の子なんているの？２,柚本悠斗,693
万葉ブックカフェの顧客録 1,山咲黒,682
こちら黒宮警備、オカルト対策班,八巻にのは,726
ここは墨田区向島、お江戸博士の謎解き日和,相沢泉見,726
タイトル,著者,値段(円)
黒猫館・続　黒猫館,倉田悠子,"1,650"
銀河連合日本　Age　after　シエの帰郷,松本保羽,"1,485"
北の砦にて　新しい季節～転生して、もふもふ子ギツネな雪の精霊になりました～,三国司,"1,430"
勿論、慰謝料請求いたします！ ４,soy,726
昔勇者で今は骨５ 東国月光堕天仙骨無幻抜刀,佐伯庸介,759
幼なじみが絶対に負けないラブコメ４,二丸修一,715
声優ラジオのウラオモテ #02 夕陽とやすみは諦めきれない？,二月 公,715
俺の妹がこんなに可愛いわけがない(14) あやせif　下,伏見つかさ,693
巻き込まれて異世界転移する奴は、大抵チート,海東方舟,748
メニューをどうぞ ４ ～角ウサギのロティ　アヴェルデワイン風味～,汐邑雛,"1,430"
社畜騎士がSランク冒険者に拾われてヒモになる話2,岸本和葉,"1,320"
落ちこぼれ〈☆１〉魔法使いは、今日も無意識にチートを使う ６,右薙 光介,"1,320"
異世界召喚されたら無能と言われ追い出されました。 この世界は俺にとってイージーモードでした ３,ＷＩＮＧ,"1,320"
解体の勇者の成り上がり冒険譚,無謀突撃娘,"1,320"
虐げられし令嬢は、世界樹の主になりました もふもふな精霊たちに気に入られたみたいです,桜井悠,"1,430"
THE　KING　OF　FANTASY 八神庵の異世界無双 月を見るたび思い出せ！２,天河信彦,"1,430"
デッキひとつで異世界探訪 ４,棚架ユウ,"1,430"
タイトル,著者,値段(円)
いばらの姫は目覚めを望まない Ｈｉｎａｔａ ＆ Ｓｏｕｓｕｋｅ,柊 あまる,704
鑑定や亜空間倉庫がチートと言われてるけど、それだけで異世界は生きていけるのか ３,はがき,"1,320"
勘違いの工房主 英雄パーティの元雑用係が、実は戦闘以外がＳＳＳランクだったというよくある話 ４,時野 洋輔,"1,320"
異世界魔王と召喚少女の奴隷魔術 １３,むらさきゆきや,726
文系女子に淫らな恋は早すぎる Ａｋａｒｉ ＆ Ｋａｚｕｍａ,望月 とうこ,704
悪役令嬢、ブラコンにジョブチェンジします２,浜千鳥,759
終末なにしてますか？異伝　リーリァ・アスプレイ#02,枯野瑛,770
ケダモノ皇帝の子作り宣言！ 陛下の愛が重すぎて、今夜も妃は眠れませんっ！,宇佐川ゆかり,748
異世界に救世主として喚ばれましたが、アラサーには無理なので、ひっそりブックカフェ始めました。,和泉 杏花,759
家つくりスキルで異世界を生き延びろ,小鳥屋エム,"1,320"
ひとりぼっちの異世界攻略 ｌｉｆｅ．４ 王女よ偽迷宮に散れ,五示正司,792
聖剣学院の魔剣使い ４,志瑞祐,682
Ｍｉｓｓｉｎｇ 神隠しの物語,甲田学人,715
これは経費で落ちません！ ７ 経理部の森若さん,青木祐子,627
冒険者になりたいと都に出て行った娘がＳランクになってた ８,門司柿家,"1,320"
俺の彼女と幼なじみが修羅場すぎる １４,裕時悠示,726
ソードアート・オンライン ２４ ユナイタル・リング ３,川原礫,693
狼と羊皮紙 新説狼と香辛料 ５,支倉凍砂,715
魔王になったので、ダンジョン造って人外娘とほのぼのする ８,流優,"1,320"
この素晴らしい世界に祝福を！ １７ この冒険者たちに祝福を！,暁なつめ,704
宮廷のまじない師 白妃、後宮の闇夜に舞う,顎木あくみ,748
ご主人様とゆく異世界サバイバル！ ４,リュート,"1,100"
信者ゼロの女神サマと始める異世界攻略 ４ 死を纏う亡国の巫女,大崎アイル,792
タイトル,著者,値段(円)
日本人が知りたい台湾人の当たり前 台湾華語リーディング,二瓶 里美,"2,420"
中国語はじめの一歩 最新２訂版,尹 景春,"2,420"
日本国勢図会 日本がわかるデータブック ２０２０／２１,矢野恒太記念会,"2,970"
アクセス独和辞典 第３版,在間 進,"4,510"
国弘流英語の話しかた,国弘 正雄,"1,650"
英文法には「意味」がある,デイヴィッド・クリスタル,"2,750"
日本俗信辞典　植物編,鈴木棠三,"1,716"
翻訳の授業　東京大学最終講義,山本史郎,869
英熟語図鑑,清水建二,"1,760"
ことばの波止場,和田誠,726
明解日本語学辞典,森山卓郎,"2,200"
日本語の語彙・表記,小椋 秀樹,"2,640"
日本俗信辞典 動物編,鈴木棠三,"1,848"
究極の英単語プレミアム Ｖｏｌ．２,向江龍治,"2,420"
英単語類義語事典 ビミョウな違いがイラストでわかる！,佐藤誠司,"1,540"
ウェブスター辞書あるいは英語をめぐる冒険,コーリー・スタンパー,"2,970"
１４歳からの読解力教室 生きる力を身につける,犬塚 美輪,"1,540"
ゼロからスタートベトナム語 だれにでもわかる文法と発音の基本ルール 文法編,鷲頭 小弓,"1,540"
振仮名の歴史,今野真二,"1,144"
はじめての語用論 基礎から応用まで,加藤重広,"2,750"
ネイティブが教える日本人が絶対間違える英語大全,ジェームス・Ｍ・バーダマン,"1,320"
新敬語「マジヤバイっす」 社会言語学の視点から,中村 桃子,"2,420"
タイトル,著者,値段(円)
日本文法 口語篇・文語篇,時枝誠記,"2,519"
３パターンで決める日常台湾華語会話ネイティブ表現,潘 凱翔,"2,420"
からだと健康の英単語 語源図解,清水建二,"1,980"
ＴＯＥＩＣ Ｌ＆Ｒ ＴＥＳＴ出る単特急金の熟語 新形式対応,ＴＥＸ加藤,869
古代スラヴ語の世界史,服部 文昭,"2,860"
アイロニーはなぜ伝わるのか？,木原善彦,858
英語日記ＢＯＹ 海外で夢を叶える英語勉強法,新井 リオ,"1,870"
５０の英単語で英文決算書を読みこなす,齋藤浩史,"2,640"
おなかぺこぺこオノマトペ 擬音語・擬態語をバイリンガルで理解しよう！,きの とりこ,"1,650"
詳解ポーランド語文法,川井 正彦,"11,000"
美人は上品な言葉遣いでできている オトナ女子のための「語彙力」練習帳,山口謠司,"1,540"
頭のよさとは「説明力」だ 知性を感じる伝え方の技術,齋藤 孝,"1,100"
全訳漢辞海 第４版 小型版,戸川芳郎,"3,080"
日本現代怪異事典副読本,朝里樹,"1,980"
ゼロからスタートロシア語 だれにでもわかる文法と発音の基本ルール 文法編,匹田 剛,"1,540"
解説がくわしいスペイン語の作文 改訂版,山村ひろみ,"2,420"
実戦・日本語の作文技術 新版,本多勝一,682
タイトル,著者,値段(円)
英文法キャラ図鑑 核心のイメージがわかる！,関正生,"1,320"
ＴＯＥＩＣ Ｌ＆Ｒテスト４７０点奪取の方法,濱崎潤之輔,"2,200"
基礎日本語学,衣畑 智秀,"1,980"
英語ライティングこれ一冊 英検・ＴＯＥＦＬ・ＩＥＬＴＳに共通する基礎,津村 元司,"2,200"
英検３級二次試験完全予想模試,クリストファ・バーナード,"1,100"
ニューエクスプレスプラス中国語,喜多山幸子,"2,090"
日本現代怪異事典,朝里 樹,"2,420"
大人の語彙力大全 これ１冊であとはいらない！,齋藤孝,924
完全攻略！英検準２級 増補版,Ｅｖｉｎｅ,"1,650"
新完全マスター語彙日本語能力試験Ｎ３,伊能裕晃,"1,320"
由来とつながりがわかる英単語語源マップ,臼井俊雄,"2,090"
イギリス英語発音教本,小川直樹,"2,200"
新明解国語辞典 第７版 特装青版,山田忠雄,"3,300"
今日からはじめる台湾華語 台湾の標準語,樂大維,"2,860"
ＮＨＫ出版これならわかるフランス語文法 入門から上級まで,六鹿豊,"3,960"
とにかくひとこと接客英会話 交通編,旺文社,"1,650"
Ｗｈｙ？にこたえるはじめての中国語の文法書 新訂版,相原 茂,"2,750"
翻訳できない世界のことば,エラ・フランシス・サンダース,"1,760"
ロシア語で読む星の王子さま 新版,サン・テグジュペリ,"3,080"
平和と安全保障を考える事典,広島市立大学広島平和研究所,"3,960"
タイトル,著者,値段(円)
システム英単語メディカル 医・歯・薬・看護学部系英単語,霜 康司,"1,430"
ＮＨＫ出版これならわかるロシア語文法 入門から上級まで,匹田 剛,"3,850"
英文校正会社が教える英語論文のミス１００,エディテージ,"2,200"
ベーシック新しい英語学概論,平賀 正子,"1,870"
感情類語辞典,アンジェラ・アッカーマン,"1,760"
仕事で恥をかかない日本語の常識,日本経済新聞出版社,"1,100"
留学生のためのジャーナリズムの日本語 新聞・雑誌で学ぶ重要語彙と表現 上級,一橋大学国際教育センター,"2,200"
ジーニアス英和辞典 第５版,南出 康世,"5,940"
新ゼロからスタート中国語 文法編 だれにでもわかる文法と発音の基本ルール,王 丹,"1,320"
ジーニアス英和辞典 第５版,南出 康世,"3,850"
タイ語,宮本 マラシー,"3,850"
歴史的仮名遣い その成立と特徴,築島 裕,"2,420"
漢文法ひとり学び 白文攻略,加藤 徹,"2,640"
バック・トゥ・ザ・フューチャー 名作映画完全セリフ集 改訂版,清水 孝子,"1,760"
大学のロシア語 基礎力養成テキスト １,沼野 恭子,"3,520"
ビジュアルディクショナリー 英和大事典 大迫力の写真・高精細イラスト約６，０００点収録！！,ＤＫ,"6,050"
２冊めの中国語 講読クラス,劉 穎,"2,530"
新明解現代漢和辞典,影山 輝國,"3,080"
ピダハン 「言語本能」を超える文化と世界観,ダニエル・Ｌ．エヴェレット,"3,740"
最底辺のポートフォリオ １日２ドルで暮らすということ,Ｊ．モーダック,"4,180"
講談社ハウディ英和・和英辞典 第４版,吉田 正俊,"3,190"
旺文社標準国語辞典 第７版,古田 東朔,"2,640"
